[
	{
		"region":1,
		"start":572717,
		"stop":612429,
		"completeness":"incomplete",
		"most_common_phage":"PHAGE_Clostr_phiCD211_NC_029048",
		"GC":34.00
	},
	{
		"region":2,
		"start":1083366,
		"stop":1143896,
		"completeness":"intact",
		"most_common_phage":"PHAGE_Clostr_CDMH1_NC_024144",
		"GC":28.52
	},
	{
		"region":3,
		"start":1413527,
		"stop":1444987,
		"completeness":"incomplete",
		"most_common_phage":"PHAGE_Clostr_CDKM9_NC_048642",
		"GC":26.62
	},
	{
		"region":4,
		"start":1571945,
		"stop":1599297,
		"completeness":"incomplete",
		"most_common_phage":"PHAGE_Clostr_phiCDHM19_NC_028996",
		"GC":28.01
	},
	{
		"region":5,
		"start":2190188,
		"stop":2240831,
		"completeness":"questionable",
		"most_common_phage":"PHAGE_Clostr_c_st_NC_007581",
		"GC":27.82
	},
	{
		"region":6,
		"start":2658361,
		"stop":2672552,
		"completeness":"incomplete",
		"most_common_phage":"PHAGE_Clostr_CDKM9_NC_048642",
		"GC":25.49
	},
	{
		"region":7,
		"start":3367045,
		"stop":3442679,
		"completeness":"intact",
		"most_common_phage":"PHAGE_Clostr_CDMH1_NC_024144",
		"GC":29.34
	}
]
