[
	{
		"region":1,
		"start":3624960,
		"stop":3666775,
		"completeness":"questionable",
		"most_common_phage":"PHAGE_Bacill_phi4J1_NC_029008",
		"GC":36.39
	},
	{
		"region":2,
		"start":4376166,
		"stop":4423445,
		"completeness":"intact",
		"most_common_phage":"PHAGE_Bacill_phi4J1_NC_029008",
		"GC":35.32
	},
	{
		"region":3,
		"start":4885095,
		"stop":4924353,
		"completeness":"intact",
		"most_common_phage":"PHAGE_Bacill_phBC6A52_NC_004821",
		"GC":35.06
	},
	{
		"region":4,
		"start":5080871,
		"stop":5147835,
		"completeness":"intact",
		"most_common_phage":"PHAGE_Bacill_BtCS33_NC_018085",
		"GC":36.22
	},
	{
		"region":5,
		"start":5132546,
		"stop":5214563,
		"completeness":"intact",
		"most_common_phage":"PHAGE_Bacill_phi4J1_NC_029008",
		"GC":37.10
	}
]
