[
	{
		"region":1,
		"start":442049,
		"stop":487508,
		"completeness":"intact",
		"most_common_phage":"PHAGE_Bacill_phBC6A52_NC_004821",
		"GC":35.27
	},
	{
		"region":2,
		"start":3453933,
		"stop":3485914,
		"completeness":"intact",
		"most_common_phage":"PHAGE_Bacill_1_NC_009737",
		"GC":34.60
	},
	{
		"region":3,
		"start":3488820,
		"stop":3522883,
		"completeness":"incomplete",
		"most_common_phage":"PHAGE_Bacill_phi4B1_NC_028886",
		"GC":35.04
	},
	{
		"region":4,
		"start":3743708,
		"stop":3795627,
		"completeness":"intact",
		"most_common_phage":"PHAGE_Bacill_PfEFR_4_NC_048641",
		"GC":35.14
	},
	{
		"region":5,
		"start":4845161,
		"stop":4859805,
		"completeness":"questionable",
		"most_common_phage":"PHAGE_Staphy_vB_SepS_SEP9_NC_023582",
		"GC":36.03
	}
]
